file_name,Mean_color,Color_list
image108.jpg,#393939,"#3a3a3a, #cdcdcd, #7e7e7e, #9c9c9c, #949494"
image134.jpg,#ecdbac,"#ebdaaa, #392615, #7d5a31, #ba9b68, #997644"
image120.jpg,#f640a2,"#f740a2, #223e2c, #30ce6c, #84a38b, #7c1c4a"
image322.png,#ece9e6,"#945444, #353134, #e8e2e1, #874f89, #8a8787"
image336.png,#9f824d,"#a0834d, #43462f, #f1f0e4, #c3bba5, #694829"
image295.png,#edeae5,"#edeae4, #3f3c39, #99595a, #918a85, #957d66"
image281.png,#b8b9b2,"#b8b9b2, #4b4437, #777671, #5c5341, #6a614f"
image280.png,#99a273,"#99a273, #0d0708, #61295d, #4e6778, #78670f"
image294.png,#f3ebc8,"#f3ebc8, #5f3b09, #d9b678, #bc924a, #8a5d17"
image337.png,#c29f9a,"#c2a09b, #21528c, #e5ded3, #9f2f4d, #95704a"
image323.png,#b7bba5,"#b8bca7, #232d58, #624d51, #646a5f, #6d7473"
image121.jpg,#339078,"#d0b066, #338f77, #1d2b22, #84c4af, #90c4bc"
image135.jpg,#cacccc,"#c9cccc, #272828, #797976, #686658, #645c51"
image109.jpg,#241f3b,"#241f3b, #e3e3e4, #8f8c9a, #7e6467, #988457"
image123.jpg,#343733,"#343733, #e29c4f, #d69bae, #c74640, #858048"
image137.jpg,#f0dcb9,"#f0dcb9, #2d2c2d, #a08c7a, #7c645d, #9c7d51"
image309.png,#8387ae,"#8387ae, #121767, #f2f0ef, #573058, #99675c"
image335.png,#9389a2,"#9388a2, #261da7, #e9ecfb, #706854, #5334b9"
image321.png,#0a6e52,"#f8f6e5, #096f52, #92ceb4, #861b48, #8eb1a4"
image282.png,#4f4f45,"#4f4f44, #d9aa6e, #93612d, #848884, #999c91"
image296.png,#edeae5,"#edeae4, #3f3c38, #99595a, #918a85, #957d66"
image297.png,#d6d5c9,"#d6d5c8, #623122, #d5a93b, #8e8e77, #5a7091"
image283.png,#d9d2cb,"#d8d2cb, #2e3e4b, #8e4a46, #7f9796, #a57256"
image320.png,#d2cabe,"#d1c9be, #4f452d, #c9ba8c, #b09e7f, #9b9181"
image334.png,#e0dfde,"#e0dfde, #262e3a, #676f80, #5c748a, #7c7c74"
image308.png,#4ac2d5,"#4ac2d5, #e5f8f9, #9bdde7, #75e8f6, #6aada8"
image136.jpg,#f2e4d3,"#f1e4d3, #332b22, #9c9080, #7c7461, #847564"
image122.jpg,#d8d4c7,"#d8d4c8, #615849, #938c7c, #7d7562, #7c786c"
image126.jpg,#cac1b8,"#cbc2b8, #685f5a, #94867c, #736a73, #73747b"
image132.jpg,#8fabaf,"#8fabaf, #2a475c, #943137, #a0892f, #dfbdb1"
image330.png,#f3f3f4,"#f3f3f4, #646aeb, #abaef1, #9c94ee, #c4bcf0"
image324.png,#d0dcd6,"#b35a5d, #352b33, #d1ddd7, #bcc1bd, #cab5ab"
image318.png,#cbb896,"#cab896, #535533, #7f7c4d, #7c743a, #746347"
image287.png,#7d7866,"#7d7866, #799dce, #181510, #e8e6d8, #9dc6ec"
image293.png,#dfdddd,"#e0dede, #494747, #8e8c8c, #6d6c6b, #747374"
image278.png,#e0cbad,"#e0cbad, #324144, #87a429, #938268, #9b465a"
image279.png,#cfc7c1,"#cecbc4, #b7943c, #854738, #c9797b, #4f8f86"
image292.png,#dfdddd,"#dfdede, #484746, #8e8c8c, #6d6b6a, #757374"
image286.png,#fabc73,"#fabc73, #7a3d1a, #b37549, #a1642e, #8c5c36"
image319.png,#d4d0c6,"#d5d1c7, #675944, #75664d, #8f8273, #6b6560"
image325.png,#e3e2e3,"#e2e2e2, #303e2e, #787575, #91a49f, #5761ab"
image331.png,#d9ceae,"#d9ceae, #6f5d3a, #7a7762, #9f916b, #8d7c5c"
image133.jpg,#14100e,"#dac9b1, #140f0d, #7b5948, #8c784f, #647474"
image127.jpg,#e8eae8,"#e8eae8, #62abc6, #9c847e, #9fa9aa, #998b95"
image131.jpg,#3b3936,"#3b3936, #c1beb9, #827d75, #9597a1, #9aa5b0"
image125.jpg,#cfc5b2,"#cfc5b2, #474439, #847e6f, #6c6358, #716c54"
image119.jpg,#dbe6ef,"#dbe6ef, #2455a8, #648cde, #5bace4, #c9c4b4"
image327.png,#d6d4cb,"#373430, #dedbd3, #5d7564, #c25e5c, #95947e"
image333.png,#101010,"#0f0f0f, #e8e8e8, #848484, #8c8c8c, #7c7c7c"
image290.png,#ebebea,"#ebebea, #464544, #959493, #7c7c74, #7c7474"
image284.png,#c8ae98,"#c5aa92, #dfd8d7, #624731, #7c644d, #795c4c"
image285.png,#e4e2e2,"#e4e2e2, #5f5a5a, #9f9b9b, #848284, #8c8385"
image291.png,#dfdddd,"#dfdede, #484746, #8e8c8c, #6d6b6a, #757374"
image332.png,#da7471,"#da7470, #2745a1, #833436, #90aadb, #718ed8"
image326.png,#d3d5c4,"#d4d5c5, #bf4a21, #2a2262, #d2d213, #444c41"
image118.jpg,#dedbdc,"#dedbdc, #3a504b, #a15753, #b78140, #8c8fa4"
image124.jpg,#d8d4c7,"#d8d4c8, #615849, #938c7c, #7d7562, #7c786c"
image130.jpg,#e9e7e1,"#e9e7e1, #3c5962, #8c9490, #8a855a, #93654e"
image206.jpeg,#c8b38e,"#c8b38e, #2c2c3f, #706a6c, #5f5047, #78603a"
image157.jpg,#e8e7e7,"#e8e8e7, #242022, #787675, #939495, #8f8c94"
image143.jpg,#f1ede3,"#f1ede3, #423f3b, #96938d, #7c7471, #7c7c6c"
image194.jpg,#8b8781,"#7f7a73, #c7cadc, #d5a99c, #443b2f, #aec7a1"
image341.png,#dac8a7,"#dac8a7, #4b3c2b, #937f63, #7d6848, #6c6449"
image355.png,#bda18d,"#bda28d, #2d1d14, #663e27, #74675b, #855a38"
image180.jpg,#dedede,"#202020, #dfdfdf, #5f5f5f, #838383, #6c6c6c"
image210.jpeg,#302c35,"#302c35, #c4ae8d, #674b29, #74685d, #5e5359"
image181.jpg,#d7d6d4,"#d7d6d4, #1c1c1c, #e32e10, #828281, #946c64"
image354.png,#794e71,"#7a4e72, #2f1e33, #a290b2, #c35a93, #442534"
image340.png,#d9d4c7,"#d8d4c7, #585142, #8b8475, #726c5a, #747264"
image195.jpg,#181818,"#e1e1e1, #151515, #656565, #545454, #7c7c7c"
image142.jpg,#272e36,"#272e35, #f5eada, #926350, #a48d86, #a17c5a"
image156.jpg,#2f5a77,"#2e5a76, #cdb732, #af5f9a, #9e4059, #eaebea"
image168.jpg,#bfbbb2,"#bfbbb2, #342e29, #77706a, #5c534e, #635d53"
image140.jpg,#fbf3f3,"#fbf3f3, #312d2a, #989592, #7c7473, #7c7c74"
image154.jpg,#66687b,"#636679, #959597, #26273a, #8c949c, #2b304f"
image356.png,#ede9e0,"#eee9e0, #746f6a, #a4a099, #8c847f, #8c8c7c"
image183.jpg,#8b97a9,"#8b97a8, #7f4125, #40638f, #ddd7de, #b73d78"
image197.jpg,#464035,"#443f35, #716047, #9d7e51, #81746c, #827c6f"
image342.png,#c4ac90,"#c6b196, #a25437, #b67858, #b2634c, #846d50"
image343.png,#e7d7be,"#e7d7be, #0c0b09, #a29073, #887555, #786044"
image196.jpg,#dec2a6,"#dec2a6, #4e3f36, #8a7464, #745b4d, #7a644b"
image182.jpg,#101110,"#101110, #dedcce, #80887f, #747984, #976920"
image357.png,#eef0f8,"#eff0f8, #828989, #b8bbc0, #a4a4ac, #a5aca4"
image155.jpg,#826259,"#826259, #e8c2a5, #21120f, #cda387, #c2a9a5"
image141.jpg,#f4e7c9,"#f4e7c9, #1f1d1b, #9b907b, #7c6c5e, #83765b"
image169.jpg,#24252a,"#26272c, #d5cec5, #808081, #755c5a, #836f5b"
image145.jpg,#180f0a,"#170e0a, #eddcc7, #844d3f, #9e8b77, #9d8058"
image151.jpg,#1c1c1c,"#1c1c1c, #e7e7e7, #646464, #8b8b8b, #747474"
image179.jpg,#fbf3f3,"#fbf3f3, #312d2a, #989592, #7c7473, #7c7c74"
image353.png,#956e62,"#966e62, #50352c, #cba689, #bb9c7b, #b8938c"
image186.jpg,#41403b,"#41403b, #b2b2b2, #8c8c8b, #737373, #848384"
image192.jpg,#f2e6d9,"#f3e8da, #9a8570, #c0ab96, #9c9484, #9c8c84"
image347.png,#75746e,"#75736e, #cdcbc0, #c2c0b3, #c2a493, #473822"
image346.png,#918f8a,"#918f8a, #6d222f, #d6ccc8, #694444, #c4ccc4"
image193.jpg,#77794c,"#77794c, #131526, #d9cec7, #9fa5ad, #aebfaa"
image187.jpg,#c2bebe,"#c4c1c2, #a49b96, #9b9695, #e5dfdf, #aba49c"
image352.png,#ede9e8,"#eeeae9, #786064, #bba6a9, #978e8a, #919794"
image178.jpg,#f3ebe4,"#f3ebe4, #0d0c0c, #95918f, #7c7474, #7c7c74"
image150.jpg,#e7dac7,"#18120e, #e7dac7, #90837c, #746460, #766c5c"
image144.jpg,#e0be95,"#e1bf95, #190d0a, #9c805e, #773727, #847164"
image152.jpg,#efe4c8,"#efe5c8, #656154, #7b786f, #9f9988, #88877a"
image146.jpg,#e1d1b9,"#e1d1ba, #100b08, #958571, #74634f, #7c6c54"
image191.jpg,#d6d4cf,"#d6d4cf, #473637, #9c5545, #e48a4e, #726c68"
image344.png,#d591a7,"#d692a8, #2a252f, #88676d, #763c54, #6e5550"
image350.png,#d7cbb0,"#d7cbb0, #1e1a13, #8d836d, #726750, #6c5b47"
image185.jpg,#25262f,"#25272f, #c89fbf, #7b7ca5, #6c677f, #828494"
image211.jpeg,#b5a58b,"#b5a58b, #25242e, #5b4429, #68666a, #765f36"
image10.jpg,#1b100e,"#1b100e, #ce973f, #6f4819, #8c6c34, #845c44"
image184.jpg,#0d0d0d,"#181818, #eeeeee, #999999, #b4b4b4, #848484"
image351.png,#f0e5d2,"#f0e5d2, #3d312d, #be5256, #a89084, #8f9959"
image345.png,#878276,"#878277, #dfdfe0, #2a2f27, #c8c4b6, #443c34"
image190.jpg,#a4917a,"#383c45, #cbb9a1, #6c706f, #62513c, #745d3f"
image147.jpg,#e0e2e2,"#e0e3e2, #917c7e, #9390a7, #8baab6, #afb0ad"
image153.jpg,#c0c8b5,"#c0c8b5, #27341b, #88946c, #56624d, #646454"
image207.jpeg,#181820,"#181820, #cbb8a0, #7b7d79, #645c6e, #666754"
image176.jpg,#b8bbbb,"#b8baba, #2e2f32, #6e6f72, #53565c, #5c545c"
image162.jpg,#3f3f3f,"#414141, #e3e3e3, #6a6a6a, #939393, #848484"
image189.jpg,#e0e2e2,"#e0e2e2, #814c52, #a9697e, #ae9996, #7bc1d6"
image348.png,#c1beb8,"#c0beb8, #34342f, #7c796f, #645c51, #676552"
image360.png,#565556,"#565557, #e3dce6, #918c94, #a8a1ad, #ad9fa4"
image200.jpg,#2b2723,"#2b2723, #af998f, #8998a3, #795b47, #949484"
image212.jpeg,#cfcec7,"#cfcec7, #393631, #888a88, #917e51, #696055"
image201.jpg,#3c332d,"#3c332d, #dcc2a2, #d0b391, #877a6d, #a49494"
image361.png,#17180c,"#17180c, #c5823e, #4b7c3d, #623f1a, #5c6c54"
image349.png,#cacaca,"#cecece, #535353, #848484, #6c6c6c, #747474"
image188.jpg,#626670,"#676973, #c5babf, #1d2f3d, #abb4bd, #9da5be"
image163.jpg,#fbfafa,"#fbfafa, #3e3c3d, #9c9a9c, #7d7c7c, #7c7477"
image177.jpg,#d9d9c9,"#d9d9c9, #3e3c3c, #72716e, #7c7474, #747464"
image149.jpg,#eed1bc,"#eed1bc, #120b08, #796052, #978174, #846c5c"
image161.jpg,#262528,"#242427, #e5e5e6, #5d5d5f, #888888, #747474"
image175.jpg,#e81f1f,"#e81f1e, #352721, #e2c750, #b6883f, #a99294"
image203.jpg,#1f222a,"#1f222a, #9b998f, #74838c, #526983, #5c4243"
image202.jpg,#31251d,"#31251d, #bda996, #836a4f, #989f95, #889197"
image174.jpg,#5584f3,"#5584f3, #d2c2cc, #070810, #645d49, #9fc9f7"
image160.jpg,#dcdcdd,"#18181a, #e5e5e6, #646366, #8a8a8c, #747474"
image148.jpg,#efeee4,"#efeee4, #1e1e1c, #a1a197, #7c746c, #7c7c6c"
image208.jpeg,#c0ac90,"#c0ac91, #232642, #6f696f, #4f4851, #6c5938"
image209.jpeg,#28252e,"#28252e, #c5af90, #644826, #7c6139, #6f696e"
image164.jpg,#182237,"#182237, #e3d1b8, #d30714, #e9b223, #3c6296"
image170.jpg,#373637,"#373737, #d9d3ca, #9fa0a0, #8e919e, #ad5a54"
image158.jpg,#15151f,"#15151a, #e4e3e2, #696968, #8b8b94, #847c68"
image159.jpg,#372f26,"#372f26, #f4e9cb, #b6a07a, #d7b239, #87654e"
image171.jpg,#e8dac7,"#492f2b, #eaddc9, #a4887d, #8d7463, #84746c"
image165.jpg,#f5e6ec,"#f5e6ec, #e94640, #c7608a, #d99299, #7898ac"
image173.jpg,#e2e2e2,"#e3e3e3, #161616, #6b6b6b, #5c5c5c, #7c7c7c"
image167.jpg,#d0ccc4,"#d0ccc4, #292520, #72110d, #807974, #6d6559"
image359.png,#989896,"#979896, #2f2f2d, #595a58, #4c4c44, #4c4444"
image198.jpg,#343225,"#353225, #caae6e, #795237, #94944e, #908884"
image205.jpg,#4d4229,"#4d4229, #7499c7, #dab68d, #8d7251, #7aa4cf"
image204.jpg,#2b3636,"#2a3635, #89a9b1, #606e74, #7b9a87, #7e8383"
image199.jpg,#e7e2da,"#e8e4dc, #a7a893, #afb4af, #cbc7ae, #bcb4aa"
image358.png,#b67a42,"#b77b42, #eddbcb, #594034, #76411f, #e7c588"
image166.jpg,#dbd4cc,"#dbd3cc, #312920, #877f74, #665947, #766a55"
image172.jpg,#c3c0ba,"#c3c0b9, #3f3a37, #8c837b, #655b5a, #666454"
image129.jpg,#f3ebe4,"#f3ebe4, #0d0c0c, #95918f, #7c7474, #7c7c74"
image115.jpg,#e3ebe3,"#e4ebe3, #8e9874, #b5bd9c, #9ca494, #a4a494"
image101.jpg,#4b5388,"#4b5388, #dbdce1, #9398b4, #abb4c4, #a0a7cc"
image303.png,#cccccc,"#c9c9c9, #303030, #7e7e7e, #646463, #6c6c64"
image317.png,#cec7bc,"#cec7bd, #474239, #7c786e, #645b53, #686453"
image288.png,#988e70,"#988e70, #172b54, #5b3d2f, #7c9ee9, #e0ae84"
image289.png,#ebebea,"#ebebea, #464544, #959594, #7c7474, #7c7c74"
image316.png,#c8beb3,"#c8beb4, #49463d, #7d786f, #645c54, #656454"
image302.png,#cec9c3,"#ccc5c1, #363c4d, #c1252f, #ab9c2b, #7d767e"
image100.jpg,#d9d5ca,"#d9d5ca, #3b412c, #aeaa9b, #8c8a72, #a19b9c"
image114.jpg,#6a6756,"#6a6756, #dbdbd5, #232115, #aeb7a8, #acacac"
image128.jpg,#e6e5e2,"#e6e5e2, #939594, #566369, #767272, #7c7c73"
image102.jpg,#d5b597,"#d7c4a8, #c03b57, #49979e, #e08645, #c47076"
image116.jpg,#ada293,"#ada293, #eae8e8, #6a512d, #6c5c50, #6c6454"
image328.png,#b1b1b1,"#b1b1b1, #161717, #707070, #844c39, #a4634e"
image314.png,#cbc2b5,"#cbc2b6, #37312b, #7b766e, #655952, #656454"
image300.png,#d0dced,"#d1ddef, #66a750, #989a9c, #9fb5ab, #848e94"
image301.png,#b37564,"#b37564, #1c1c12, #5d4c3c, #ead8c5, #b7b3b6"
image315.png,#c7beb1,"#c7beb1, #3b362d, #7b766d, #655b52, #6a6454"
image329.png,#fbfaf2,"#fbfaf2, #3d2725, #857c7c, #cc9c70, #84847c"
image117.jpg,#1c1c1b,"#1c1c1b, #dfdfde, #535252, #808080, #6c6c6b"
image103.jpg,#e5c09d,"#e3be9b, #641f2b, #9c5f5e, #97623c, #7b453a"
image107.jpg,#746e5f,"#736e5f, #d4cab5, #16130d, #b3b4a7, #aaabad"
image1.jpg,#faf9f2,"#faf9f2, #7f7a74, #b6b0a6, #94948c, #989484"
image113.jpg,#f3d3bf,"#f3d3bf, #c84044, #e76b6d, #ba7641, #708887"
image311.png,#dddde2,"#dddde3, #5e5e65, #95959b, #b4a378, #7c747c"
image305.png,#dfd9c6,"#dfd9c6, #151412, #828179, #717259, #746366"
image339.png,#7a838a,"#79838a, #4b1a0b, #8c501c, #c28e7f, #323e46"
image338.png,#d0cec5,"#d0cdc4, #154869, #916d32, #5d3a21, #7292aa"
image304.png,#f2c48c,"#f1c38b, #1d1d1d, #a2a19a, #787775, #8c8b8c"
image310.png,#cfcecb,"#cfcecc, #7c776d, #948e83, #a19b91, #8c8c7f"
image112.jpg,#e3d5d5,"#e3d5d6, #43629c, #a98b4e, #928a8d, #805b46"
image106.jpg,#272627,"#272627, #b7a195, #6d6667, #7b829b, #829cb9"
image110.jpg,#76881a,"#76881a, #f3ec17, #b0b515, #c1ce29, #899954"
image104.jpg,#3c4730,"#3c4730, #cbd48d, #7f8c58, #98a76e, #88988c"
image138.jpg,#f3e9d6,"#f3e9d6, #222222, #a0978b, #866a62, #8a7464"
image306.png,#395453,"#395453, #e7d0d0, #cb545f, #7e8887, #9c6863"
image312.png,#503432,"#503432, #dac0c7, #b5bed8, #a86e6d, #a993a6"
image299.png,#ececf1,"#ececf1, #091a26, #e60d79, #888e8a, #7c7c7c"
image298.png,#1b1b1b,"#1b1b1b, #c9c9c9, #797979, #5c5c5c, #646464"
image313.png,#ccc3b6,"#ccc3b6, #36342d, #7a776f, #665a52, #6f6453"
image307.png,#def5f7,"#def4f6, #41c2d8, #87d2de, #67e6f7, #58b4b1"
image139.jpg,#d8c79c,"#d8c79c, #37382d, #8a7f60, #746447, #776d44"
image105.jpg,#f3b51e,"#f3b51d, #e6d1b5, #e8c473, #98884e, #be8112"
image111.jpg,#c5bc79,"#c4bc78, #f9f9f1, #e4d097, #dbd496, #dcd1a9"
